name,1995,1996,1997,1998,1999,2000,2001,2002,2003,2004,2005,2006,2007,2008,2009,2010,2011,2012,2013,2014,2015,2016,2017,2018,2019,2020,iso_code
Guyana,106000,92000,76000,66000,75000,105000,99000,104000,101000,122000,117000,113000,134000,130000,141000,152000,157000,177000,200000,206000,207000,235000,247000,287000,315000,86400,gy
Other small states,16652119,16883667,18570111,19110481,20547389,22028654,22699583,23251643,23525106,25484888,25761318,27999916,30898966,32780642,32486504,37843566,33747412,36199883,39516963,42941757,43653648,46851127,49979552,51524462,51930012,,
South Africa,4684000,5186000,5170000,5898000,6026000,6001000,5908000,6550000,6640000,6815000,7518000,8509000,9208000,9729000,9532000,11303000,12097000,13069000,14318000,14530000,13952000,15121000,14975000,15004000,14797000,3886600,za
Central African Republic,26000,21000,17000,7500,10000,11199,9899,2900,5699,8199,12000,13800,17100,30600,52400,53799,65400,70800,83500,95699,120500,82000,107000,109000,87000,,cf
Switzerland,6946000,6730000,7039000,7185000,7154000,7821000,7455000,6868000,6530000,,7229000,7863000,8448000,8608000,8294000,8628000,8534000,8566000,8967000,9158000,9305000,10402000,11133000,11715000,11818000,,ch
Tonga,33000,31000,29000,35000,44000,43000,38000,45000,51000,51000,60000,54000,65000,65000,74699,65000,68400,57200,59700,65800,72599,86699,86599,77300,94000,,to
Turks and Caicos,,,,,,,,,,,,,,757000,865000,899000,1010000,968000,1069000,1330000,1316000,1296000,1243000,1463000,1599000,370399,tc
Early-demographic dividend,163202805,170263612,174864014,177703744,181005514,190532159,184896885,190886934,186159242,208858479,220351005,222512638,237447686,253965565,245231108,260218031,251178035,266770386,276291315,298030473,305091375,301876958,326787964,350576700,369336988,,
World,1082522375,1143489092,1193996052,1209956781,1254467157,1332379078,1299004507,1319581840,1300066793,1436450364,1501611341,1683029831,1739388599,1750746690,1687198487,1755720045,1792688016,1881196824,1952484358,2012330419,2071785909,2140443306,2248870723,2339399881,2403074088,,
Belarus,,,,,,2030000,1852000,1907000,1729000,1816000,4738000,5276000,5283000,5262000,4872000,5674000,5877000,6130000,6242000,5375000,4386000,10935000,11060000,11502000,11832000,3598000,by
Syrian Arab Republic,2253000,2435000,2332000,2464000,2682000,3412000,3671000,4678000,4837000,6334000,5859000,5682000,5434000,6951000,7721000,10970000,6476000,,,,,1043000,1291000,1802000,2424000,,sy
Philippines,1760000,2049000,2223000,2149000,2171000,1992000,1797000,1933000,1907000,2291000,2623000,2843000,3092000,3139000,3017000,3520000,3917000,4273000,4681000,4833000,5361000,5967000,6621000,7168000,8261000,1483000,ph
Pre-demographic dividend,5604094,6361336,6655188,6706266,7482302,7836650,8489704,9597982,9756308,11371716,12787723,14207513,17963991,18545304,19842113,21206463,20093300,21339533,20780542,21408619,24064888,24362726,,,,,
Turkey,7727000,8614000,9689000,9753000,7487000,10428000,11619000,13256000,14030000,17517000,21125000,19820000,27215000,31138000,31760000,32997000,36769000,37715000,39861000,41627000,41114000,30907000,37970000,46113000,51747000,15971000,tr
Romania,5445000,5205000,5149000,4831000,5224000,5264000,4938000,4794000,5595000,6600000,5839000,6037000,7722000,8862000,7575000,7498000,7611000,7937000,8019000,8442000,9331000,10223000,10926000,11720000,12815000,5023000,ro
Aruba,912000,957000,947000,906000,972000,1211000,1178000,1225000,1184000,1304000,1286000,1285000,1254000,1383000,1420000,1394000,1469000,1481000,1667000,1739000,1832000,1758000,1863000,1897000,1951000,,aw
Low & middle income,277742929,296976884,319784753,325180108,346142020,376460649,382836193,403924802,394042563,453546722,486276713,503388698,543031904,562443862,548333631,578189300,585014466,607553618,626412968,634344306,658163496,673875108,731331434,782000891,814041186,,
Central Europe and the Baltics,188652644,199135866,203579243,200151256,200062962,206946379,182538824,173510081,177955845,200553517,208136165,215062885,222544621,217002009,205767642,211503443,219665361,230513827,239484451,247176982,265484205,282858334,293799709,301502122,314638365,,
Curaçao,396000,387000,422000,437000,433000,514000,519000,545000,508000,452000,510000,572000,664000,773000,808000,762000,837000,908000,1071000,1129000,1072000,944000,1058000,1210000,1293000,,
St. Vincent and the Grenadines,218000,216000,200000,202000,223000,256000,254000,247000,242000,262000,256000,306000,328000,250000,271000,231000,208000,200000,200000,205000,207000,227000,303000,356000,392000,,
Jordan,3277000,3164000,3068000,3438000,3231000,2700000,3034000,4677000,4600000,5587000,5817000,6573000,6529000,7100000,7085000,8078000,6813000,6314000,5389000,5327000,4809000,4236000,4565000,4922000,5361000,1240000,jo
British Virgin Islands,219000,244000,244000,279000,284000,272000,296000,282000,278000,304000,337000,356000,358000,346000,309000,330000,338000,351000,366000,386000,393000,408000,335000,192000,302399,83000,vg
Western & Central Africa,2670705,3027134,3243144,3422652,3897975,4162850,4615887,4697120,5013049,5839376,6320831,6955607,9389591,10157585,10569712,11070796,8902380,10221030,10085818,10544624,13311681,13150775,,,,,
Guinea,,12000,17000,23000,27000,33000,38000,43000,44000,45000,45000,46099,30000,24000,,12399,131000,96000,56000,33000,35000,63000,99000,,,,gn
Panama,417000,443000,504000,529000,555000,600000,737000,800000,897000,1004000,1070000,1215000,1428000,1575000,1562000,1726000,2004000,2086000,2202000,2305000,2553000,2379000,2517000,2487000,2494000,647000,pa
IDA & IBRD total,385651376,413555346,441764119,449512247,474501178,508311572,493824388,504227902,496859855,569823563,606222959,626141605,671923148,683771446,659261625,695222797,706710380,733806691,759074427,771435636,805369212,826247856,889465190,939010262,974462802,,
Oman,,,,,,,1095000,1112000,1210000,1407000,1101000,1385000,1360000,1540000,1584000,1500000,1393000,1714000,1923000,2225000,2634000,3207000,3178000,3242000,3506000,869000,om
Niger,35000,68000,68000,41000,39000,50000,52000,39000,55000,57000,58000,60000,48000,73000,66000,74000,82000,94000,123000,135000,135000,152000,164000,157000,192000,85000,ne
Benin,580000,516000,541000,575000,941000,1068000,1155000,853000,850000,845000,960000,975000,1010000,1027000,,,222000,232000,252000,265000,279000,292000,307000,322000,337000,,bj
Burkina Faso,124000,131000,138000,160000,117000,126000,128000,150000,163000,222000,245000,264000,289000,272000,269000,274000,238000,237000,218000,191000,163000,152000,143000,144000,143000,67000,bf
South Korea,3753000,3684000,3908000,4250000,4660000,5322000,5147000,5347000,4753000,5818000,6023000,6155000,6448000,6891000,7818000,8798000,9795000,11140000,12176000,14202000,13232000,17242000,13336000,15347000,17503000,2519000,kr
Algeria,520000,605000,635000,678000,749000,866000,901000,988000,1166000,1234000,1443000,1638000,1743000,1772000,1912000,2070000,2395000,2634000,2733000,2301000,1710000,2039000,2451000,2657000,2371000,591000,dz
Spain,52460000,55077000,62415000,68068000,72040000,74580000,75564000,79313000,82326000,85981000,92563000,96152000,98907000,97670000,91899000,93744000,99187000,98128000,103231000,107144000,109834000,115561000,121717000,124456000,126170000,36410000,es
Mauritania,,,,,24000,30000,,,,,,,,,,,,,,,,,,,,,mr
Denmark,,,,,,,,,21119000,22054000,26927000,26936000,27138000,26870000,26571000,26730000,25811000,26402000,26516000,28070000,28209000,28692000,30736000,30801000,33093000,15595000,dk
Lithuania,2600000,3497000,3702000,4287000,4454000,4092000,4195000,3999000,3635000,,,,4251000,4459000,4001000,4073000,4504000,4979000,5264000,5217000,5048000,5322000,5590000,6115000,6150000,2284000,lt
Thailand,6952000,7244000,7294000,7843000,8651000,9579000,10133000,10873000,10082000,11737000,11567000,13822000,14464000,14584000,14150000,15936000,19230000,22354000,26547000,24810000,29923000,32530000,35592000,38178000,39916000,,th
Turkmenistan,233000,282000,332000,380000,,,,,,,,,,,,,,,,,,,,,,,tm
Antigua and Barbuda,447000,498000,526000,570000,560000,634000,624000,528000,623000,769000,712000,838000,935000,863000,944000,788000,848000,819000,777000,771000,894000,874000,1040000,1064000,1035000,384500,ag
Bermuda,557000,570000,562000,558000,549000,539000,458000,484000,483000,478000,517000,635000,660000,550000,554000,580000,652000,610000,576000,580000,597000,642000,688000,766000,805000,51400,bm
Timor-Leste,,,,,,,,,,,,14000,22000,36000,44000,40000,51000,58000,79000,60000,61599,65599,73900,74599,74800,,tl
Angola,9000,21000,45000,52000,45000,51000,67000,91000,107000,194000,210000,121000,195000,294000,366000,425000,481000,528000,650000,595000,592000,397000,261000,218000,218000,,ao
New Zealand,1409000,1529000,1497000,1485000,1607000,1787000,1909000,2045000,2104000,2334000,2366000,2409000,2455000,2483000,2473000,2530000,2617000,2574000,2710000,2854000,3129000,3494000,3723000,3858000,3888000,996000,nz
United Kingdom,23537000,25163000,25515000,25745000,25394000,25209000,22835000,24180000,24715000,27755000,29970000,32713000,32778000,31888000,31072000,30398000,31886000,32221000,33567000,35337000,36792000,39129000,41080000,40283000,40857000,11101000,gb
Euro area,,,,,,,,,,453619920,462527032,489625062,494727795,495768984,483880961,491730015,514734250,520092217,539066000,555108000,571048000,590598000,617852000,638607601,655573447,,
IDA total,15731075,17911191,19106200,20294406,21509371,23005231,24182673,26352150,27591739,31980186,32888290,37120730,44274304,47671291,50223430,55256133,53613909,58250533,62020322,65941778,71927095,71605647,78201600,93089667,100914423,,
Suriname,69000,74000,78000,70000,72000,72000,68000,,100000,,,154000,167000,151000,151000,206000,221000,240000,250000,253000,229000,257000,279000,,,,sr
Slovakia,,,,,,,,,,,,,,,,,,,12583000,11556000,14936000,17376000,15406000,15299000,,,sk
Small states,26850086,28033106,29835947,30787258,32723887,35393988,35693405,36594901,38156636,42165941,41471204,43973149,47057081,48541042,49158502,55249470,51988608,54646954,58059805,62560577,63973751,71729395,75794208,78864839,79086475,,
Madagascar,115000,,,,,,,,,,,,,,,,,,,,282000,333000,285000,360000,486000,87099,mg
India,2124000,2288000,2374000,2359000,2482000,2649000,2537000,2384000,2726000,3457000,3919000,4447000,5082000,5283000,5168000,5776000,6309000,6578000,6968000,13107000,13284000,14570000,15543000,17423000,17914000,,in
Uzbekistan,92000,173000,960000,811000,487000,302000,345000,332000,231000,262000,242000,560000,903000,1069000,1215000,975000,1393000,1895000,1969000,1862000,1918000,2027000,2690000,5346000,6749000,,uz
Latvia,1633000,1750000,1842000,1788000,1738000,1882000,2061000,2297000,2524000,3127000,3791000,4649000,5209000,5496000,4727000,5042000,5538000,5569000,5822000,6246000,6842000,6797000,7726000,7775000,8342000,3204000,lv
Bosnia and Herzegovina,,,115000,148000,147000,171000,139000,160000,165000,190000,217000,256000,306000,322000,311000,365000,392000,439000,529000,536000,678000,778000,923000,1053000,1198000,197000,ba
France,,148263000,157551000,,,,,,,190282000,185829000,193882000,193319000,193571000,192369000,189826000,196595000,197522000,204410000,206599000,203302000,203042000,207274000,211998000,217877000,117109000,fr
Malaysia,7469000,7138000,6211000,5551000,7931000,10222000,12775000,13292000,10577000,15703000,16431000,17547000,20973000,22052000,23646000,24577000,24714000,25033000,25715000,27437000,25721000,26757000,25948000,25832000,26101000,4333000,my
Saudi Arabia,4398000,,,,,,,,,11083000,10417000,10962000,13479000,17717000,13319000,13025000,15776000,19847000,19934000,23010000,21834000,20887000,18607000,17570000,20292000,,sa
Fragile and conflict affected situations,10765834,11567238,10978637,11908732,12500227,13329949,14607271,16446497,17350162,19975986,20088164,21663574,25383279,29047239,31567087,36919296,30416045,32472105,33260753,,,,,,,,
Heavily indebted poor countries (HIPC),,5750449,6186266,6328429,7115930,7778590,8160225,9043190,9192544,10209662,11488151,12898473,14613529,15475609,15905711,17437169,19068517,20446470,21285585,21852006,23619335,25289047,27119321,29458450,29134874,,
American Samoa,34000,35000,26000,36000,41000,44000,36000,,,,24500,25299,24100,24299,23500,23100,22600,22600,20799,21600,20299,20100,20000,20200,19200,899,as
Saint Lucia,407000,422000,563000,629000,666000,727000,747000,648000,683000,791000,720000,670000,905000,925000,982000,984000,950000,889000,921000,987000,1031000,948000,1064000,1165000,1220000,432500,lc
Austria,17173000,17090000,16647000,17352000,17467000,17982000,18180000,18611000,19078000,19374000,19952000,20269000,20773000,21935000,21355000,22004000,23012000,24151000,24813000,25291000,26728000,28121000,29460000,30816000,31884000,15091000,at
Azerbaijan,93000,210000,306000,483000,602000,681000,767000,834000,1038000,1279000,1177000,1194000,1333000,1899000,1830000,1963000,2239000,2484000,2509000,2298000,2006000,2249000,2697000,2850000,3170000,796000,az
Mozambique,,,,,,,404000,943000,726000,711000,954000,1095000,1259000,1439000,1711000,1836000,2013000,2206000,1970000,1751000,1634000,1715000,1514000,2870000,2033000,,mz
Egypt,3133000,3896000,3961000,3454000,4797000,5506000,4648000,5192000,6044000,8104000,8608000,9083000,11091000,12835000,12536000,14731000,9845000,11532000,9464000,9878000,9328000,5399000,8292000,11346000,13026000,,eg
Hong Kong,10200000,12974000,11273000,10160000,11328000,13059000,13725000,16566000,15537000,21811000,23359000,25251000,28169000,29507000,29591000,36030000,41921000,48615000,54299000,60839000,59308000,56655000,58472000,65148000,55913000,3569000,hk
Sudan,29000,38000,30000,36000,39000,38000,50000,52000,52000,61000,246000,328000,436000,440000,420000,495000,536000,575000,591000,684000,741000,800000,813000,836000,,,sd
Venezuela,879000,960000,933000,813000,702000,602000,792000,590000,435000,618000,846000,883000,898000,702000,567000,535000,625000,1061000,1085000,967000,882000,681000,429000,,,,ve
Saint Kitts and Nevis,203000,172000,194000,250000,226000,247000,334000,240000,247000,383000,365000,350000,379000,533000,548000,624000,723000,666000,695000,818000,1036000,1055000,1194000,1278000,1107000,301399,kn
Brazil,1991000,2666000,2850000,4818000,5107000,5313000,4773000,3785000,4133000,4794000,5358000,5017000,5026000,5050000,4802000,5161000,5433000,5677000,5813000,6430000,6306000,6547000,6589000,6621000,6353000,,br
Laos,346000,403000,463000,500000,614000,737000,674000,736000,636000,895000,1095000,1215000,1624000,1737000,2008000,2513000,2724000,3330000,3779000,4159000,4684000,4239000,3869000,4186000,4791000,886400,la
Chad,19000,20000,27000,41000,46000,43000,57000,32000,21000,26000,29000,46000,77000,61000,70000,71000,77000,86000,97000,119000,120000,98000,87000,63000,81000,10399,td
New Caledonia,86000,91000,105000,104000,100000,110000,101000,104000,102000,100000,101000,100000,103000,104000,99000,99000,112000,112000,108000,107000,114000,116000,121000,120000,130000,31000,nc
Bahamas,3239000,3416000,3446000,3348000,3648000,4204000,4183000,4406000,4594000,5004000,4779000,4731000,4601000,4394000,4645000,5255000,5588000,5940000,6151000,6320000,6112000,6265000,6136000,6622000,7250000,1794500,bs
Cayman Islands,1044000,1173000,1248000,1275000,1431000,1385000,1549000,1878000,2113000,1953000,1967000,2197000,2008000,1856000,1792000,1886000,1710000,1829000,1721000,1993000,2102000,2097000,2147000,2384000,2334000,660000,ky
Europe & Central Asia,610098798,647080737,685140036,695696268,706815710,746290155,714973123,723771886,736933750,784677456,815823430,854328332,883815853,884795564,854438373,869779367,918783439,944560917,980013821,997036505,1026805426,1055431735,1112981075,1157868194,1199188498,,
Bolivia,284000,313000,355000,387000,342000,319000,316000,334000,427000,480000,524000,521000,573000,594000,599000,679000,711000,798000,798000,871000,882000,961000,1109000,1142000,1239000,323299,bo
United States,79732000,82756000,82525000,74767000,75796000,78343000,70975000,64434000,62082000,67606000,71484000,183178000,175299000,175703000,160508000,162275000,147271421,171629890,179309906,178311359,176864531,175261484,174291750,169324921,165478000,45037000,us
Caribbean small states,8608436,9027600,9357302,9482950,9901109,11115377,10923386,11075114,12223187,13943780,13151761,13524000,13774000,13494000,14132000,14853000,15421000,15540000,15674000,16644000,17200000,17638000,18488000,19669834,19819087,,
Mali,42000,98000,75000,83000,82000,86000,89000,96000,110000,113000,143000,153000,164000,190000,160000,169000,160000,134000,142000,168000,159000,173000,193000,203000,217000,,ml
Ecuador,440000,494000,529000,511000,518000,627000,641000,683000,761000,819000,860000,841000,937000,1005000,968000,1047000,1141000,1272000,1364000,1695000,1676000,1569000,1806000,2535000,2108000,,ec
Middle income,272242177,290883939,313607078,319024055,339709726,369017840,375000502,394155191,384233687,441446433,473913514,490340950,529427962,546648340,531427960,557355435,567578027,589199451,607530503,615263536,639288627,655230626,711194514,758857901,790163362,,
Iceland,211000,223000,223000,255000,281000,328000,329000,315000,348000,405000,429000,477000,539000,561000,563000,559000,628000,765000,900000,1102000,1389000,1891000,2353000,2488000,2202000,488000,is
Rwanda,,,,,,,,,,,,531000,610000,669000,664000,667000,908000,1061000,1122000,1220000,1298000,1377000,1570000,1711000,1634000,,rw
Ukraine,6127000,6750000,14743000,12003000,10990000,11691000,11877000,12793000,15161000,18583000,20489000,21714000,26162000,28827000,24033000,24114000,24535000,25061000,26025000,13227000,13025000,13734000,14579000,14342000,13710000,3382000,ua
Peru,,,,,,,,,,1650000,1938000,2227000,2451000,2581000,2681000,2948000,3299000,3642000,4010000,4062000,4381000,4718000,4992000,5384000,5275000,1119000,pe
Guatemala,563000,520000,576000,636000,823000,826000,835000,884000,880000,1182000,1316000,1502000,1628000,1715000,1311000,1384000,1434000,1491000,1516000,1739000,1865000,1906000,2120000,2406000,2560000,594000,gt
Netherlands,6574000,6580000,7841000,9312000,9874000,10003000,9500000,9595000,9181000,9646000,10012000,10739000,11008000,10104000,9921000,10883000,11300000,11680000,12783000,13925000,15007000,15828000,17924000,18780000,20129000,7265000,nl
Japan,3345000,3837000,4218000,4106000,4438000,4757000,4772000,5239000,5212000,6138000,6728000,7334000,8347000,8351000,6790000,8611000,6219000,8358000,10364000,13413000,19737000,24039000,28691000,31191000,31881000,4115799,jp
Iran,452000,573000,764000,1008000,1321000,1342000,1402000,1585000,1546000,1659000,1889000,2735000,2219000,2034000,2116000,2938000,3354000,3834000,4769000,4968000,5237000,4942000,4867000,7295000,9107000,1550000,ir
Sierra Leone,,,,,,,,,,,,,,,,,,75000,95000,53000,31000,60000,59000,66000,71000,,sl
Latin America & Caribbean,140093252,144212163,147782609,152444257,154422845,161345288,155630805,152947999,148080474,161110799,167839740,165382750,164050585,165005509,158419130,157336067,155233946,159170173,162605371,171231468,182042491,193556155,202720683,201522429,201856013,,
Mauritius,437000,509000,558000,579000,600000,678000,675000,709000,721000,739000,782000,807000,933000,970000,890000,956000,983000,984000,1015000,1065000,1174000,1307000,1371000,1431000,1418000,316000,mu
Barbados,927000,957000,990000,1019000,947000,1078000,1035000,1021000,1090000,1273000,1111000,1102000,1191000,1165000,1154000,1197000,1187000,1053000,1079000,1079000,1179000,1227000,1345000,1356000,966000,,bb
South Asia,3942956,4070439,4314275,4447429,4705756,5028560,4693365,4527657,5212015,6372282,6697186,7599967,8429239,8726421,8418738,9476200,10853945,11239336,12150072,19662201,20005025,22126613,23793410,26712613,27102764,,
Arab World,,,,,,,,,,80985285,82979842,89387603,99187198,115508623,113944262,130381603,109790026,122650455,122579989,130620704,122563985,115219915,122153139,131892640,142447574,,
Malawi,192000,194000,207000,220000,254000,228000,266000,383000,424000,427000,438000,638000,735000,742000,755000,746000,767000,770000,795000,819000,805000,849000,837000,871000,,,mw
Guam,1362000,1373000,1382000,1137000,1162000,1287000,1159000,1059000,910000,1160000,1228000,1212000,1225000,1142000,1053000,1197000,1160000,1308000,1334000,1343000,1409000,1536000,1545000,1549000,1667000,328000,gu
Kazakhstan,,202000,284000,257000,394000,1683000,2693000,3678000,3237000,4291000,4365000,4707000,5311000,4117000,3774000,4097000,5685000,6163000,6841000,6333000,6430000,6509000,7701000,8789000,8515000,2035000,kz
Costa Rica,924000,940000,1013000,1167000,1267000,1278000,1320000,1335000,1514000,1771000,1959000,2071000,2302000,2409000,2309000,2495000,2526000,2542000,2641000,2760000,2899000,3204000,3231000,3313000,3366000,1146500,cr
Upper middle income,226732647,240601062,251597801,259728329,276411397,301621449,306994545,323043770,308581283,351774849,377443418,385922932,408189869,417498838,406075035,422026476,433149966,444224631,455797691,465397898,484482005,498471214,534415314,556608632,573310641,,
Ireland,4818000,5289000,5587000,6064000,6403000,6646000,6353000,6476000,6764000,6953000,7333000,8001000,8332000,8026000,7189000,7134000,7630000,7550000,8260000,8813000,9528000,10100000,10338000,10926000,10951000,,ie
Israel,2530000,2360000,2295000,2200000,2566000,2672000,1219000,862099,,1505800,1916000,1834000,2294000,3034000,2740000,3444000,3362000,3520000,3540000,3251000,3109000,3070000,3863000,4389000,4905000,,il
Singapore,7137000,7292000,7198000,6242000,6958000,7691000,7522000,7567000,6127000,8329000,8943000,9751000,10285000,10116000,9683000,11642000,13171000,14496000,15568000,15095000,15231500,16403000,17425000,18508000,19116000,2742000,sg
Gambia,45000,77000,85000,91000,96000,79000,57000,81000,89000,90000,108000,125000,143000,147000,142000,91000,106000,157000,171000,156000,449000,450000,522000,552000,620000,246000,gm
Eswatini,,1337000,1635000,986000,1253000,1151000,1312000,1371000,1543000,,1182000,1200000,1230000,1186000,1344000,1343000,1328000,1278000,1299000,1325000,1256000,1279000,1343000,1277000,1226000,345299,
Nicaragua,341000,388000,453000,483000,530000,581000,584000,579000,646000,735000,804000,891000,978000,1011000,1010000,1071000,1122000,1233000,1273000,1390000,1456000,1596000,1958000,1412000,1455000,474000,ni
Guinea-Bissau,,,,,,,7800,,,,5000,11600,15600,18000,16000,22299,36700,35400,35500,36099,43799,45200,49500,55000,52400,,gw
Greece,10712000,9782000,10588000,11364000,12606000,13567000,14678000,14918000,14785000,14268000,15938000,17284000,,,,,,,20112000,24272000,26114000,28071000,30161000,33072000,34005000,7406000,gr
Bhutan,4800,5199,5400,6199,7199,7599,6400,5599,6300,9199,13600,17299,21000,28000,23000,41000,66000,105000,116000,133000,155000,210000,255000,274000,316000,29799,bt
Canada,41657000,43256000,45076000,48064000,49055000,48638000,47147000,44896000,38903000,38845000,36160000,33390000,30373000,27370000,24696000,25621000,25066000,25318000,25167000,25558000,27555000,30142000,31081000,31274000,32430000,,ca
Russia,10290000,16208000,17463000,16188000,18820000,21169000,21595000,23309000,22521000,22064000,22201000,22486000,22909000,23676000,21339000,22281000,24932000,28177000,30792000,32421000,33729000,24571000,24390000,24551000,24419000,6359000,ru
Lower middle income,40349021,44941824,56688243,53668707,57315220,60822587,61303177,64049459,69066616,82272562,88540296,96432872,112971124,120779067,117207259,126945397,125756815,136178040,142764863,140616367,145156136,146764495,166574125,192813989,207722217,,
Moldova,32000,29000,21000,19000,14000,18000,16000,18000,21000,69000,67000,63000,70000,73000,60000,64000,75000,89000,95599,93900,94400,121000,145000,160000,174000,29000,md
Ghana,286000,305000,325000,348000,373000,399000,439000,483000,531000,584000,429000,497000,587000,698000,803000,931000,821000,903000,994000,825000,897000,,,,,,gh
Australia,3726000,4165000,4318000,4167000,4459000,4931000,4856000,4841000,4746000,5215000,5499000,5532000,5644000,5586000,5490000,5790000,5771000,6032000,6482000,6922000,7449000,8269000,8815000,9246000,9466000,1828000,au
Grenada,369000,386000,368000,392000,379000,316000,277000,271000,294000,370000,380000,342000,406000,428000,460000,445000,447000,370000,327000,387000,437000,474000,468000,529000,526000,217000,gd
Ethiopia,103000,109000,139000,112000,115000,136000,148000,156000,180000,184000,227000,330000,358000,383000,427000,468000,523000,597000,681000,770000,864000,871000,933000,849000,812000,518000,et
Trinidad and Tobago,282000,317000,360000,377000,421000,503000,468000,451000,474000,501000,529000,534000,531000,482000,534000,490000,491000,504000,467000,455000,519000,492000,465000,501000,480000,141000,tt
Eritrea,315000,417000,410000,188000,57000,70000,113000,101000,80000,87000,83000,78000,81000,70000,79000,84000,107000,129000,141000,119000,114000,142000,,,,,er
Slovenia,732000,832000,974000,977000,884000,1090000,1219000,1302000,1373000,1499000,1555000,1617000,1751000,1958000,1824000,2049000,2236000,2377000,2502000,2675000,3022000,3397000,3991000,4425000,4702000,1216000,si
Latin America & Caribbean (excluding high income),118759609,122091619,124222950,128596768,131143148,135852472,129631536,128164683,122614563,132972759,139293878,136738000,135404000,136305000,130549000,128009000,124212000,126982000,129584000,136666599,145821000,156330000,165093000,164604173,165233236,,
Europe & Central Asia (IDA & IBRD),141570364,156481486,174016177,170133780,174152912,185016223,166982996,163685842,170010345,192355295,204584907,210284391,233796926,236802923,218138478,228004885,244817219,258377683,273457449,267581214,278325392,274218218,294608725,314784745,331546366,,
Tanzania,295000,326000,360000,482000,627000,501000,525000,575000,576000,583000,613000,644000,719000,770000,714000,783000,868000,1077000,1096000,1140000,1137000,1284000,1327000,1506000,1527000,,tz
IDA only,8090808,9356516,9636375,9987732,10993029,12504714,13101063,15034904,15535677,18457815,19225120,21221685,24248164,27424638,28669900,32648986,32417429,35988687,40041483,42827384,46442583,46337010,50308715,58328493,63144062,,
Bulgaria,8005000,6811000,7543000,5240000,5056000,4922000,5104000,5563000,6241000,6982000,7282000,7499000,7726000,8533000,7873000,8374000,8713000,8867000,9192000,9409000,9317000,10604000,11596000,12368000,12552000,4973000,bg
Puerto Rico,4087000,4110000,4350000,4671000,4221000,4566000,4908000,4364000,4402000,4889000,5073000,5022000,5062000,5213000,4415000,4379000,4214000,4197000,4210000,4456000,5051000,5003000,4927000,4260000,4931000,3882000,pr
Republic of the Congo,,,,,,,,,,,,,,,,199000,224000,259000,345000,229000,224000,213000,151000,158000,,,cg
Nigeria,1031000,1230000,1292000,1357000,1425000,1492000,1753000,2046000,2253000,2646000,2778000,3056000,5239000,5820000,6053000,6113000,3765000,4673000,4038000,4803000,6017000,5265000,,,,,ng
Djibouti,21000,20000,20000,21000,21000,20100,21600,22500,23200,26299,30200,39500,40000,54000,58000,51000,56000,60000,63000,,,,,,,,dj
Poland,82244000,87439000,87817000,88592000,89118000,84515000,61431000,50735000,52130000,61918000,64606000,65115000,66208000,59935000,53840000,58340000,60745000,67390000,72310000,73750000,77743000,80476000,83804000,85946000,88515000,,pl
"Middle East, North Africa, Afghanistan & Pakistan (excluding high income)",19191329,19510659,20050583,20887113,23817985,25593702,25760103,29063175,30679598,37570149,38948343,42009917,44628483,50431455,53336591,62924889,50267660,53404835,51878546,51968618,47236883,41373623,48550026,58807590,65756226,,
East Asia & Pacific (IDA & IBRD),69853349,76266007,82316854,87401715,100507096,115002176,123938277,134842642,124198110,150908208,163954997,172620607,186123962,186639516,184114105,197693903,205576450,209238311,214704672,216907017,229644083,243207453,263898378,277743234,289300101,,
Lebanon,450000,424000,558000,631000,673000,742000,837000,956000,1016000,1278000,1140000,1063000,1017000,1333000,1844000,2168000,1655000,1366000,1274000,1355000,1518000,1688000,1857000,1964000,1936000,,lb
Seychelles,127000,142000,136000,134000,130000,140000,138000,135000,127000,126000,135000,151000,171000,173000,178000,191000,210000,216000,237000,239000,296000,333000,382000,405000,428000,124500,sc
IBRD only,356802552,381711595,407771931,414169389,437116871,468296048,453337858,461400702,453203858,519447298,553668383,569028747,606513212,614737921,588744192,618728471,631384271,653441089,674498601,683100776,710624637,732382440,787599416,823988846,852166955,,
Least developed countries: UN classification,5472827,6658283,6957867,7094926,7950686,8410825,8822886,9811415,9707907,11144721,12956006,14529500,16999106,18005255,18594287,20467099,23220314,26001684,28995508,31645081,33502770,32624657,34557520,38555567,40176417,,
Uruguay,2177000,2258000,2463000,2324000,2273000,2236000,2136000,1354000,1508000,1871000,1917000,1824000,1815000,2255000,2303000,2708000,3244000,3155000,3242000,3195000,3286000,3632000,4219000,3954000,3480000,,uy
Malta,1193000,1123000,1238000,1326000,1402000,1387000,1439000,1483000,1512000,1428000,1484000,1521000,1723000,1832000,1608000,1815000,1916000,2007000,2013000,2162000,2383000,2592000,2944000,3232000,3519000,718000,mt
Zambia,163000,264000,341000,362000,404000,457000,492000,565000,413000,515000,669000,757000,897000,812000,710000,815000,920000,859000,915000,947000,932000,956000,1009000,1072000,1266000,502000,zm
OECD members,795118244,831172520,856883568,869658676,883337847,914409802,857416270,845244937,829225858,883810873,917093718,1057049130,1057756515,1052020400,1012277275,1023509318,1038728158,1089410317,1129790906,1163739359,1200190531,1244329484,1299260750,1331200523,1364524985,,
Bangladesh,156000,166000,182000,172000,173000,199000,207000,207000,245000,271000,208000,200000,289000,467000,267000,139000,157000,160000,104000,134000,126000,182000,237000,267000,323000,,bd
Armenia,12000,13000,23000,32000,41000,45000,123000,162000,206000,263000,319000,382000,511000,558000,575000,684000,758000,963000,1084000,1204000,1192000,1260000,1495000,1652000,1894000,375000,am
Marshall Islands,5500,6199,6400,6400,4599,5199,5400,6000,7199,9000,9199,5800,7199,6000,5400,4599,4599,4599,,4900,6300,5400,6000,6800,6099,,mh
Pacific island small states,,,,,,,,,,,,,1082228,1202558,1241227,1349967,1427095,1519503,1571298,1590536,1675831,1836886,1885809,1928869,1752269,,
Georgia,85000,117000,313000,317000,384000,387000,302000,298000,313000,368000,560000,983000,1052000,1290000,1500000,2032000,2712000,4106000,4954000,5004000,5256000,5393000,6483000,7203000,7726000,1513000,ge
Burundi,34000,27000,11000,15000,26000,29000,36000,74000,74000,133000,148000,214000,192000,202000,212000,142000,144000,147000,234000,235000,131000,187000,299000,,,,bi
Hungary,39240000,39833000,37315000,33624000,28803000,31141000,30679000,31739000,31412000,33934000,36173000,38318000,39379000,39554000,40624000,39904000,41304000,43565000,43611000,45984000,48345000,52890000,54962000,57667000,61397000,31641000,hu
High income,790212426,829886178,856250307,866369960,886282224,929784135,884986859,879165850,871624379,939596423,969910115,1128257222,1143132372,1134881110,1087553476,1124271992,1153167524,1215900943,1266070914,1315757995,1349915164,1403510281,1453128423,1491870217,1522430052,,
Honduras,,271000,310000,324000,428000,689000,672000,788000,887000,1026000,1118000,1136000,1309000,1561000,1589000,1965000,1852000,1903000,1857000,2082000,2093000,2228000,2144000,2323000,2315000,669000,hn
Chile,,,,,,,,,,,,,,3713000,3657000,3584000,3963000,4397000,4457000,4601000,5487000,6712000,7621000,6603000,5431000,,cl
"Congo, Dem. Rep.",35000,37000,30000,53000,80000,103000,55000,28000,35000,36000,61000,55000,47000,50000,53000,81000,186000,167000,191000,334000,354000,351000,,,,,cd
Finland,1779000,1724000,1832000,2644000,2454000,2714000,2826000,2875000,2601000,2840000,3140000,3375000,3519000,3583000,3423000,3670000,4192000,4226000,2797000,2731000,2622000,2789000,3180000,3224000,3290000,896000,fi
"Middle East, North Africa, Afghanistan & Pakistan",,,,,,,,,,80626989,83145581,90007073,99102298,115019778,113027486,130361782,111858609,124595751,125860611,133162231,126208646,119350820,127054293,139804138,152571279,,
Gabon,203000,217000,247000,274000,262000,230000,236000,269000,234000,351000,526000,,,,,,,,,,,,,,,,ga
Qatar,,,,,,,,,,,,,,,1482000,1700000,2057000,2324000,2612000,2839000,2941000,2938000,2256000,1819000,2136500,582000,qa
U.S. Virgin Islands,1741000,1779000,2128000,2139000,1964000,2396000,2497000,2337000,2395000,2620000,2602000,2571000,2606000,2435000,2245000,2531000,2686000,2640000,2702000,2814000,2643000,2574000,1954000,1922000,2074000,8612000,vi
Europe & Central Asia (excluding high income),41254640,47928374,60730926,53958382,53587391,61157451,63741444,69761846,73537448,83794261,92511429,95695880,113529421,123903647,115245401,119087288,132498762,142150827,151065267,140838191,142759135,134101499,149456827,169084765,180880471,,
Cyprus,2253000,2089000,2194000,2357000,2578000,2912000,2841000,2495000,2416000,2478000,2657000,2629000,2671000,2631000,2370000,2450000,2626000,2635000,2626000,2558000,2780000,3286000,3750000,4024000,4117000,,cy
Latin America & Caribbean (IDA & IBRD),125292600,128668397,130965953,135049219,137308046,142004691,135754875,133102339,127305056,138679012,145124920,142663119,141496729,142505000,136672000,134206000,131390000,134737000,137445000,144459599,154385000,165767000,175407000,173715171,172908916,,
Pakistan,378000,369000,375000,429000,432000,557000,500000,498000,501000,648000,798000,898000,840000,823000,855000,907000,1161000,966000,,,,,,,,,pk
Northern Mariana Islands,676000,736000,695000,490000,502000,529000,444000,476000,459000,536000,507000,436000,389000,397000,354000,379000,341000,401000,439000,460000,479000,531000,660000,518000,487000,,mp
Kiribati,,,,,20299,13399,14500,119500,130100,63900,50200,10800,32299,,,,,,,8300,8199,7599,7500,9000,12000,,ki
European Union,543501922,568078351,592858234,608641365,622202305,650173237,616082121,615268114,625662233,658492799,678884822,711022667,723200887,717085325,695775047,708410742,743016204,759681881,784371000,809619000,835937000,870371000,910869000,938485601,968873375,,
Cambodia,220000,260000,219000,287000,368000,466000,605000,787000,701000,1055000,1422000,1700000,2015000,2125000,2162000,2508000,2882000,3584000,4210000,4503000,4775000,5012000,5602000,6201000,6611000,1306000,kh
Argentina,2289000,2614000,2764000,3012000,2898000,2909000,2620000,2820000,2995000,3457000,3823000,4173000,4562000,4700000,4308000,6800000,6703000,6497000,6510000,7165000,6816000,6668000,6711000,6942000,7399000,,ar
Uganda,160000,174000,175000,195000,189000,193000,205000,254000,305000,512000,468000,539000,642000,844000,807000,946000,1151000,1197000,1206000,1266000,1303000,1323000,1402000,1506000,1543000,473000,ug
North America,121945999,126582000,128163000,123389000,125400000,127520000,118580000,109814000,101468000,106929000,108161000,217203000,206332000,203623000,185758000,188475999,172989421,197557890,205052906,204449359,205016531,206045484,206060750,201364921,198713000,,
Luxembourg,768000,724000,778000,789000,863000,852000,836000,885000,867000,878000,913000,908000,914000,877000,847000,805000,874000,950000,945000,1038000,1090000,1054000,1046000,1018000,1041000,525000,lu
Sub-Saharan Africa,14323566,16195085,16782783,17915072,19286169,19581432,20519199,22162330,22926433,24699148,26367736,29762488,34665318,35737670,36704327,40334502,40741755,43202323,44728989,46510985,48979055,51223036,52899581,56673405,56014499,,
North Macedonia,147000,136000,121000,157000,181000,224000,99000,123000,158000,165000,197000,202000,230000,255000,259000,262000,327000,351000,400000,425000,486000,510000,631000,707000,758000,118000,mk
Jamaica,1752000,1821000,1904000,1899000,2013000,2230000,2117000,2131000,2483000,2515000,2615000,3016000,2880000,2859000,2753000,2832000,3077000,3306000,3274000,3504000,3692000,3837000,4276000,4319000,4233000,1329699,jm
Cuba,745000,1004000,1170000,1416000,1603000,1774000,1775000,1686000,1906000,2049000,2319000,2221000,2152000,2348000,2430000,2532000,2716000,2847000,2862000,3014000,3540000,4009000,4654000,4712000,4276000,1086000,cu
Late-demographic dividend,208726880,226458981,237060589,246545489,266217659,284253258,271213960,272906962,267562909,312413443,331644843,347355982,369420014,367075985,353528962,375168918,394674498,413361747,430928983,437115970,460461683,479145118,508820312,532235103,549832276,,
Serbia,,,,,,,,312000,339000,392000,453000,469000,696000,646000,645000,683000,764000,810000,922000,1029000,1132000,1281000,1497000,1711000,1847000,446000,rs
San Marino,3368000,3345000,3308000,3264000,3148000,3071000,3036000,3102000,2882000,2812000,2107000,2136000,2164000,2112000,2056000,1976000,2038000,1869000,1905000,2004000,1888000,2000000,1937000,1874000,1904000,,sm
China,46387000,51128000,57588000,63478000,72796000,83444000,89013000,97908000,91662000,109038000,120292000,124942000,131873000,130027000,126476000,133762000,135423000,132405000,129078000,128499000,133820000,141774000,153260000,158606000,162538000,30402000,cn
Low income,,,,,,,4422831,5834485,5908363,7427824,7489497,7946918,8224734,9779564,10644113,13439676,11065512,11790113,12106324,12210720,11563292,13028546,14021098,17021655,17409971,,
Mongolia,108000,71000,82000,197000,160000,158000,192000,235000,205000,305000,345000,408000,455000,469000,465000,557000,627000,624000,515000,506000,467000,471000,543000,598000,637000,66900,mn
Vietnam,1351000,1607000,1716000,1520000,1782000,2140000,2330000,2628000,2429000,2928000,3477000,3583000,4229000,4236000,3747000,5050000,6014000,6848000,7572000,7874000,7944000,10013000,12922000,15498000,18009000,3837000,vn
Albania,304000,287000,119000,184000,371000,317000,354000,470000,557000,645000,748000,937000,1127000,1420000,1856000,2417000,2932000,3514000,3256000,3673000,4131000,4736000,5118000,5927000,6406000,2658000,al
Sweden,2310000,2376000,2388000,2573000,2595000,3828000,4108000,4276000,4268000,4676000,4883000,4729000,5224000,4555000,4899000,5183000,11567000,12372000,10980000,10522000,6482000,6782000,7054000,7440000,7616000,1957000,se
Dominica,203000,261000,299000,312000,280000,312000,276000,208000,254000,466000,381000,465000,437000,468000,608000,595000,418000,348000,311000,370000,358000,356000,230000,199000,322000,140000,dm
Libya,1832000,1276000,913000,850000,965000,963000,953000,858000,958000,,,125000,106000,760000,,,,,,,,,,,,,ly
Italy,55706000,59805000,57998000,58499000,59521000,62702000,60960000,63561000,63026000,58480000,59230000,66353000,70271000,70719000,71692000,73225000,75866000,76293000,76762000,77694000,81068000,84925000,89931000,93228601,95399000,38419000,it
"Macao SAR, China",7752000,8151000,7000000,6949000,7444000,9162000,10279000,11531000,11888000,16673000,18711000,21998000,27003000,22933000,21753000,24965000,28002000,28082000,29325000,31526000,30715000,30950000,32611000,35804000,39406000,5897000,mo
Samoa,,,,,,,,,,,,116000,122000,122000,129000,130000,128000,135000,125000,132000,139000,146000,158000,172000,181000,23899,ws
Haiti,370000,400000,387000,393000,386000,445000,499000,482000,518000,385000,480000,558000,868000,758000,826000,793000,946000,959000,1064000,1127599,1190000,1153000,1262000,1333000,938000,,ht
Solomon Islands,11800,10300,13800,15800,,5199,,,6599,5599,9399,11500,13699,16299,18299,20500,22899,23899,24399,20100,21600,23200,25700,27899,28899,4400,sb
French Polynesia,186000,184000,201000,211000,236000,,,,,,,,243000,227000,190000,179000,196000,210000,214000,228000,239000,241000,254000,264000,300000,89400,pf
Tunisia,4120000,3885000,4263000,4718000,4832000,5058000,5387000,5064000,5114000,5998000,6378000,6550000,6762000,7050000,7797000,7828000,5746000,6999000,7352000,7163000,5359000,5724000,7052000,8299000,9429000,2012000,tn
Iraq,61000,51000,15000,45000,30000,78000,127000,,,,,,,864000,1262000,1518000,1510000,1111000,892000,,,,,,,,iq
"Middle East, North Africa, Afghanistan & Pakistan (IDA & IBRD)",18989751,19305727,19856169,20703467,23536182,25303332,25738554,29054552,30668307,37545158,38891162,41918915,44393001,50073040,52971338,62437036,49845259,52940791,51346515,51423560,46829784,40984877,48055307,58212100,65078454,,
Bahrain,2311000,1988000,2600000,2898000,3280000,3869000,4388000,4831000,4844000,5667000,6313000,7289000,7833000,8631000,8861000,11952000,6732000,8062000,9163000,10452000,9670000,10158000,11374000,12045000,11061000,1909000,bh
Tuvalu,899,1000,1000,1000,1100,1100,1100,1299,1399,1299,1100,1100,1100,1700,1600,1700,1200,1100,1299,1399,2400,2500,2500,3200,3599,,tv
Sri Lanka,414000,315000,384000,409000,465000,445000,397000,457000,583000,681000,669000,689000,592000,526000,538000,766000,976000,1133000,1415000,1665000,1993000,2168000,2248000,2521000,2027000,540000,lk
Cape Verde,28000,37000,45000,52000,67000,115000,134000,126000,150000,157000,198000,242000,267000,285000,287000,336000,428000,482000,503000,494000,520000,598000,668000,710000,758000,180000,cv
Eastern & Southern Africa,11583544,13088654,13456245,14403851,15309377,15353177,15854696,17383375,17844385,18745951,19917566,22650320,25114898,25413098,25964418,29071500,31650243,32748552,34426632,35738392,35318681,37645887,38258347,41189145,39826701,,
Indonesia,4324000,5034000,5185000,4606000,4728000,5064000,5153000,5033000,4467000,5321000,5002000,4871000,5506000,6234000,6324000,7003000,7650000,8044000,8802000,9435000,10407000,11519000,14040000,15810000,16107000,4053000,id
Botswana,636000,656000,765000,940000,1039000,1306000,1451000,1485000,1592000,1727000,1684000,1642000,1965000,2344000,,,,,,,1660000,1712000,1775000,1830000,,,bw
Monaco,233000,226000,259000,278000,278000,300000,270000,263000,235000,250000,286000,313000,328000,324000,265000,279000,295000,292000,328000,329000,331000,336000,355000,347000,363000,159000,mc
Sub-Saharan Africa (excluding high income),14193466,16049754,16643490,17777716,19153012,19437981,20377864,22023890,22796021,24570128,26229482,29607860,34490086,35560286,36521793,40138969,40525618,42980384,44484730,46265055,48672074,50877194,52496629,56247033,55555231,,
Vanuatu,82000,103000,81000,78000,96000,106000,106000,99000,102000,99000,126000,154000,167000,196600,225500,237699,248899,321000,357000,329000,287000,351600,332700,350200,256000,82400,vu
Comoros,23000,24000,26000,27000,24000,24000,19399,18899,20600,23299,25899,28500,15199,14800,11300,15300,18799,22799,21899,22799,23600,26799,28000,35900,45099,7000,km
Belgium,5560000,5829000,6037000,6179000,6369000,6457000,6452000,6720000,6690000,6710000,6747000,6995000,7045000,7165000,6815000,7186000,7494000,7560000,7684000,7887000,8355000,7481000,8385000,9119000,9343000,2584000,be
Kuwait,1443000,1565000,1638000,1763000,1884000,1944000,2072000,2316000,2602000,3056000,3474000,3899000,4482000,4736000,5088000,5208000,5574000,5729000,6217000,6528000,6941000,7055000,7407000,8508000,8565000,2161000,kw
Portugal,9511000,9730000,10172000,11295000,11632000,12097000,12167000,11644000,11707000,10639000,10612000,11282000,6788000,6962000,6439000,6756000,7264000,7503000,9177000,10497000,11723000,13359000,15432000,16186000,17283000,4208000,pt
Mexico,85446000,90394000,92915000,95214000,99869000,105673000,100718000,100153000,92330000,99250000,103146000,97701000,93582000,92948000,88044000,81953000,75732000,76749000,78100000,81042000,87129000,94853000,99349000,96497000,97406000,51128000,mx
Sub-Saharan Africa (IDA & IBRD),14323566,16195085,16782783,17915072,19286169,19581432,20519199,22162330,22926433,24699148,26367736,29762488,34665318,35737670,36704327,40334502,40741755,43202323,44728989,46510985,48979055,51223036,52899581,56673405,56014499,,
United Arab Emirates,,,,,,,,,,,,,,,,,,,,,19313000,20894000,21805000,23092000,25282000,8084000,ae
Colombia,1433000,751000,758000,823000,725000,707000,788000,661000,668000,840000,981000,2096000,2381000,2545000,2649000,1701000,2356000,2434000,2595000,2866000,3371000,3675000,4056000,4397000,4531000,1396000,co
Lesotho,209000,312000,313000,290000,308000,302000,295000,287000,329000,304000,304000,357000,300000,293000,344000,426000,398000,423000,433000,1079000,1082000,1196000,1137000,1173000,1142000,,ls
Myanmar,194000,490000,491000,478000,435000,416000,475000,487000,597000,657000,660000,630000,716000,731000,763000,792000,816000,1059000,2044000,3081000,4681000,2907000,3443000,3551000,4364000,903000,mm
El Salvador,,,,,,867000,804000,885000,798000,1030000,1306000,1501000,1720000,1875000,1482000,1606000,1634000,1738000,1822000,1886000,1973000,2052000,2247000,2536000,2639000,707000,sv
Ivory Coast,188000,237000,274000,301000,,,,,,,,,182000,205000,231000,252000,270000,289000,380000,471000,1441000,1583000,1800000,1965000,2070000,668000,ci
Brunei Darussalam,498000,837000,643000,964000,967000,984000,840000,891000,944000,,815000,836000,877000,,,,,,,,,4257000,4316000,4521000,4449000,1071000,bn
Belize,342000,349000,305000,300000,340000,374000,385000,694000,999000,1329000,1037000,903000,880000,846000,941000,1054000,1106000,1028000,1022000,1289000,1299000,1391000,1441000,1697000,1674000,487000,bz
São Tomé and Príncipe,6199,6400,4800,5599,5800,7099,7500,9199,10000,10600,15800,12300,11800,14500,15199,8000,12199,,,,25600,28899,28899,33400,,,st
Togo,53000,58000,92000,69000,70000,60000,57000,58000,61000,83000,81000,94000,86000,74000,150000,202000,300000,235000,327000,282000,273000,338000,514000,573000,876000,482000,tg
Estonia,2111000,2444000,2618000,2909000,3181000,3310000,3230000,3253000,3378000,,,,,3828000,3834000,4369000,4907000,5007000,5737000,5804000,5696000,5942000,6145000,6033000,6103000,1695000,ee
Montenegro,,,,,,,,136000,142000,188000,272000,378000,984000,1031000,1044000,1088000,1201000,1264000,1324000,1350000,1560000,1662000,1877000,2077000,2510000,351000,me
Andorra,,,,,9422000,10991000,11351000,11507000,11601000,11668000,11049000,10737000,10743000,10194000,9112000,8551000,7983000,7900000,7676000,7797000,7850000,8025000,8152000,8328000,8235000,5207000,ad
Liechtenstein,59000,56000,57000,59000,60000,61599,56500,48700,49000,48500,49799,54900,72800,72900,66500,64300,67000,62400,59599,61299,56700,69099,79300,85300,98099,58400,li
South Asia (IDA & IBRD),3820368,3943888,4180143,4309157,4559453,4872221,4547447,4386891,5049972,6174166,6488969,7363682,8167172,8455114,8156997,9181582,10516493,10889902,11772323,19050898,19383064,21438691,23053667,25882111,26260132,,
Croatia,16100000,19085000,23660000,25499000,29215000,37226000,40129000,41737000,42857000,44974000,45762000,47733000,52271000,51336000,47573000,49006000,49969000,47185000,48345000,51168000,55858000,57587000,59238000,57668000,60021000,21608000,hr
East Asia & Pacific,112957455,124181141,127838206,130699434,147606094,168455262,178795259,194873220,180513147,224750642,243811863,259502080,283352757,281400380,276931048,306945190,324630664,341731569,359795035,378067655,395583346,422310009,449587158,480202482,490804002,,
Papua New Guinea,,,,,,,,,,,,,,120000,126000,146000,165000,175000,182000,191000,199000,198000,182000,195000,211000,39000,pg
"Yemen, Rep.",,,,,,,,,,,,,,,,1035000,1175000,1282000,1323000,1218000,398000,,,,,,ye
Nepal,363000,394000,422000,464000,492000,464000,361000,275000,338000,385000,375000,384000,527000,500000,510000,603000,736000,803000,798000,790000,539000,753000,940000,1173000,1197000,230000,np
Senegal,,,,,,,,,502000,677000,779000,876000,879000,877000,815000,906000,977000,967000,1069000,976000,1014000,1219000,1376000,,,,sn
Sint Maarten (Dutch part),1024000,1022000,1325000,1339000,1061000,1300000,1271000,1436000,1600000,1823000,1956000,1890000,1891000,1821000,1655000,1956000,2080000,2210000,2253000,2502000,2407000,2197000,1640000,1775000,1952000,,
"Micronesia, Fed. Sts.",,17600,17200,13399,16100,20500,15300,19100,18200,19299,19000,19100,21100,25700,47500,44700,35400,38299,42099,35400,31200,29600,,19200,18000,,fm
Norway,2880000,2746000,2702000,3256000,3223000,3104000,3073000,3111000,3269000,3628000,3824000,4070000,4377000,4347000,4346000,4767000,4963000,4538000,4778000,4855000,5361000,5960000,6252000,5688000,5879000,1397000,no
Maldives,315000,339000,366000,396000,430000,467000,461000,485000,564000,617000,395000,602000,676000,683000,656000,792000,931000,958000,1125000,1205000,1234000,1286000,1390000,1484000,1703000,555000,mv
East Asia & Pacific (excluding high income),70697672,77174405,83285870,88453859,101735448,116409725,125452248,136489562,125706247,152728066,165948098,174721883,188386803,188916100,186368423,200103460,208057749,211756290,217301338,219499632,232372388,246129470,267094231,281129640,292842169,,
Post-demographic dividend,625506506,654992725,686264932,686678006,702246548,745500956,734362506,745620332,739424033,791914175,822568061,972284577,984896479,981136584,943253696,968795923,994042514,1040611729,1080304353,1105378388,1128129854,1175947745,1223167398,1257774889,1275198369,,
Kyrgyzstan,,,,290000,165000,173000,199000,183000,342000,398000,319000,766000,1656000,2379000,2451000,1224000,3025000,3393000,4134000,3791000,4000000,3853000,4568000,6947000,8508000,,kg
Namibia,421000,560000,610000,681000,694000,759000,700000,799000,739000,986000,856000,961000,1048000,1079000,1100000,1114000,1163000,1245000,1327000,1429000,1488000,1551000,1581000,1639000,1651000,187100,na
Germany,14847000,15205000,15837000,16511000,17116000,18983000,17861000,17969000,18399000,20137000,21500000,23569000,24421000,24884000,24220000,26875000,28374000,30411000,31545000,32999000,34970000,35555000,37452000,38881000,39563000,12449000,de
Dominican Republic,1806000,2037000,2482000,2702000,2932000,3161000,3090000,3058000,3680000,3907000,3981000,4268000,4365000,4455000,4489000,4478000,4654000,4901000,5114000,5576000,6129000,6769000,7296000,7551000,7550000,2748000,do
West Bank and Gaza,,220000,210000,200000,300000,310000,43000,33000,37000,56000,88000,123000,264000,387000,396000,522000,449000,490000,545000,556000,432000,400000,503000,606000,688000,93000,
Tajikistan,,699,2099,3200,4500,7699,5199,,,,,,,325000,207000,160000,183000,244000,208000,213000,414000,344000,431000,1035000,,,tj
Morocco,2752000,2856000,3203000,3267000,4088000,4458000,4596000,4709000,5021000,5732000,6077000,6777000,7701000,8209000,8661000,9752000,9784000,9830000,10349000,10507000,10542000,10677000,11540000,12489000,13109000,2802000,ma
Palau,53000,69000,74000,64000,55000,58000,54000,59000,63000,89000,81000,82000,88000,81000,71000,85000,111000,120000,108000,140000,162000,138000,123000,106000,94000,18399,pw
Cameroon,,,,,,,,,,,,451000,477000,487000,498000,573000,604000,817000,783000,822000,897000,994000,1081000,997000,1021000,,cm
Fiji,476000,534000,547000,499000,544000,434000,446000,461000,451000,513000,547000,,542000,627000,605000,692000,734000,741000,769000,781000,869000,963000,1027000,1058000,969000,168000,fj
Zimbabwe,1416000,1597000,1336000,2090000,2250000,1967000,2217000,2041000,2256000,1854000,1559000,2287000,2506000,1956000,2017000,2239000,2423000,1794000,1833000,1880000,2057000,2168000,2423000,2580000,2294000,639000,zw
Kenya,974000,1003000,1001000,894000,969000,1037000,994000,1001000,1146000,1361000,1479000,1601000,1817000,1203000,1490000,1609000,1823000,1711000,1520000,1350000,1181000,1340000,1449000,2025000,2049000,,ke
Paraguay,15678000,12868000,10955000,9818000,6569000,3924000,3550000,3194000,2859000,2589000,2648000,2830000,3005000,3118000,3183000,3171000,3365000,3655000,3538000,3455000,4102000,4318000,4744000,4183000,4368000,1077000,py
Czech Republic,,,,,,,,,20108000,23808000,24747000,25102000,22625000,21850000,23285000,21941000,22810000,25750000,26332000,27166000,29604000,32519000,34701000,36268000,37202000,,cz
